No.,Link,Title,Location
1,https://kr.indeed.com/viewjob?jk=c6bf8184940d37c3,Android Developer,서울
2,https://kr.indeed.com/viewjob?jk=297e6568c740f98e,iOS Developer,서울
3,https://kr.indeed.com/viewjob?jk=d11342cfe074df78,Frontend Developer (Javascript/React),서울
4,https://kr.indeed.com/viewjob?jk=c1037225077ca4da,데이터 분석가 (Business Intelligence Analyst),서울 강남구
5,https://kr.indeed.com/viewjob?jk=d2df92c32bd4a203,Software Engineer,서울
6,https://kr.indeed.com/viewjob?jk=199189698f0d215c,"Python, PHP 외 경력 정규직",서울 강서구
7,https://kr.indeed.com/viewjob?jk=d6ca8a7ecc4c4be3,"기술연구소 정규직 연력(Java, C++, Python, 기타)",서울 송파구
8,https://kr.indeed.com/viewjob?jk=ce6747e77c861c46,Data Scientist,서울
9,https://kr.indeed.com/viewjob?jk=375b9893c3001c55,"Python, C·C++ 가능한 영상처리/비젼 개발자 정규직",성남 수정구
10,https://kr.indeed.com/viewjob?jk=67ca30c143379281,Data Scientist III,서울
11,https://kr.indeed.com/viewjob?jk=2615f45e6f912c05,"Customer Solutions Engineer, Global Clie...",서울
12,https://kr.indeed.com/viewjob?jk=15a42e1f57cda077,[국비무료/해외취업] 일본 관광·서비스기업/독일 IT기업 취업연수생,서울 영등포구
13,https://kr.indeed.com/viewjob?jk=752a4b5d63eac97c,Back-end Engineer (Python),서울 강남구
14,https://kr.indeed.com/viewjob?jk=fa839fed02943ef7,"Technical Specialist, Professional Servi...",서울
15,https://kr.indeed.com/viewjob?jk=38863766ef858bdf,현대오트론 차량용 반도체/전장SW 전문가 경력 상시,서울 강남구
16,https://kr.indeed.com/viewjob?jk=5bc622575fee61b8,Data Scientist,서울
17,https://kr.indeed.com/viewjob?jk=6e86e9573ba0a69c,"프로그래머 (WEB 프로그래밍, PHP, javascript, pytho...",대전 중구
18,https://kr.indeed.com/viewjob?jk=1f542078927eb1e4,Data Center Technician,서울
19,https://kr.indeed.com/viewjob?jk=41cde1a35365547f,Product Intelligence Product Manager(Aza...,서울
20,https://kr.indeed.com/viewjob?jk=af4eba857169ba01,[한국오라클] Data Center Technician (Engineer...,강원도 춘천
21,https://kr.indeed.com/viewjob?jk=cfdd56fef2ec9c47,Cloud Support Eng. II (Net),서울
22,https://kr.indeed.com/viewjob?jk=0bbf23c0930be392,Support Engineer,서울
23,https://kr.indeed.com/viewjob?jk=a90457066bb577a4,Cloud Support Eng. II (Lin),서울
24,https://kr.indeed.com/viewjob?jk=eda2098164f2e92f,[메가존] 정보보호 및 개인정보보호 담당자 (신입/경력),서울 강남구
25,https://kr.indeed.com/viewjob?jk=dd8d522117d4afeb,Solutions Architect III - AWS Korea,서울
26,https://kr.indeed.com/viewjob?jk=d7a5d7d67068b597,Django + Python 웹개발,서울 가산디지털단지역
27,https://kr.indeed.com/viewjob?jk=212ca67d161b7162,2020 Market Data Analyst - Seoul (Korean...,서울
28,https://kr.indeed.com/viewjob?jk=54b6e2334e44fa8c,2020년 상반기 신입/경력/인턴 수시,경기도 이천
29,https://kr.indeed.com/viewjob?jk=aac8e9355cb855ac,[인재풀] 아티스트,서울
30,https://kr.indeed.com/viewjob?jk=55a19c92c845685e,Developer / Designer recruit,서울 논현동
31,https://kr.indeed.com/viewjob?jk=ff99efe4f7f952d7,"기술연구소 정규직 연력(Java, C++, Python, 기타) 및 ER...",서울
32,https://kr.indeed.com/viewjob?jk=7f38721257646550,Cloud Support Eng. II (DMS),서울
33,https://kr.indeed.com/viewjob?jk=9c8217b043a1c66f,"Applications Engineer, Staff",서울
34,https://kr.indeed.com/viewjob?jk=69bcbac49023acae,2020년 개발자/경영지원,서울 서초구
35,https://kr.indeed.com/viewjob?jk=518f85bf2e48adb9,"데이터 분석 및 컨설팅 분야 (Python, SAS, 빅데이터-신입,경력...",서울 서초구
36,https://kr.indeed.com/viewjob?jk=5f3b79e296cc1765,System Engineer,성남 분당구
37,https://kr.indeed.com/viewjob?jk=7af1798e214d4067,Support Engineer _ Devices & IoT,서울
38,https://kr.indeed.com/viewjob?jk=35b027aa25049d45,Support Engineer _ Azure PaaS,서울
39,https://kr.indeed.com/viewjob?jk=25725b3c0e607311,Junior Quant Trader,서울
40,https://kr.indeed.com/viewjob?jk=917cc06120add6e1,Data Scientist,서울 강남구
41,https://kr.indeed.com/viewjob?jk=424144a5501748e2,"Marketing Data Scientist, Google Profess...",서울
42,https://kr.indeed.com/viewjob?jk=554c2e55cc985488,Data Scientist,서울
43,https://kr.indeed.com/viewjob?jk=2625bdacef9c5d08,"Specialist Solutions Architect III, AI/M...",서울
44,https://kr.indeed.com/viewjob?jk=1b68be0d8cba9f3e,Sales Manager (Born in the Cloud),서울
45,https://kr.indeed.com/viewjob?jk=b2c01054f550bdf2,2020 APAC Graduate Programme – Junior Fi...,서울
46,https://kr.indeed.com/viewjob?jk=a0a12bf7366d994f,DBA (RDBMS / NOSQL),성남 서현역
47,https://kr.indeed.com/viewjob?jk=3c63bba3ee9b3090,"Tech U Associate Solution Architect, Pub...",서울
48,https://kr.indeed.com/viewjob?jk=ae2c6294bc277408,Lead Technical Solutions Engineer,서울
49,https://kr.indeed.com/viewjob?jk=36ed6aa879eb32f7,[IT대기업] Data Scientist (과장~부장급),서울
50,https://kr.indeed.com/viewjob?jk=1eea05b0e37e3c85,Security CSIRT,성남 서현역
51,https://kr.indeed.com/viewjob?jk=204308e277d085e3,DevOps Consultant - Professional Service...,서울
52,https://kr.indeed.com/viewjob?jk=4a94f2401f999ab6,Data Analyst,서울
53,https://kr.indeed.com/viewjob?jk=8405cf7fad057a1a,글로벌 소비재기업 APAC담당 Sr. Enterprise Architec...,서울
54,https://kr.indeed.com/viewjob?jk=9d15145d6604ca72,"Lead Software Engineer, TensorFlow",서울
51,https://kr.indeed.com/viewjob?jk=d11342cfe074df78,Frontend Developer (Javascript/React),서울
52,https://kr.indeed.com/viewjob?jk=79aa0ecba6067f06,[Clova] Clova Platform Backend 개발자 경력사원,대한민국
53,https://kr.indeed.com/viewjob?jk=55a19c92c845685e,Developer / Designer recruit,서울 논현동
54,https://kr.indeed.com/viewjob?jk=6e86e9573ba0a69c,"프로그래머 (WEB 프로그래밍, PHP, javascript, pytho...",대전 중구
55,https://kr.indeed.com/viewjob?jk=d6a77ebabfefeba6,2020년 제1회 공무직 근로자 연장,대한민국
56,https://kr.indeed.com/viewjob?jk=fd67d04ed1642339,네이버 UGC 데이터 분석/운영 개발자,대한민국
57,https://kr.indeed.com/viewjob?jk=3d99c00c986d2c57,[Clova] Clova 서비스 서버 개발 경력사원,대한민국
58,https://kr.indeed.com/viewjob?jk=1937ebb0ea172f08,데이터 엔지니어,서울특별시
59,https://kr.indeed.com/viewjob?jk=ce6747e77c861c46,Data Scientist,서울
60,https://kr.indeed.com/viewjob?jk=6e4170888fdd92a5,SOFTWARE ENGINEER - BACKEND,서울 강남구
61,https://kr.indeed.com/viewjob?jk=e08940daf24ccb25,AD Performance Ops,성남 서현역
62,https://kr.indeed.com/viewjob?jk=07375dc4e800dfa9,추천 시스템 소프트웨어 엔지니어,성남 판교역
63,https://kr.indeed.com/viewjob?jk=3c70b1ded0c003ef,[KSTEC] 통계/Analytics 경력사원,성남 분당구
64,https://kr.indeed.com/viewjob?jk=719aaaeffd746a04,FPGA 플랫폼 엔지니어(딥러닝 하드웨어 프로세서 개발),성남 분당구
65,https://kr.indeed.com/viewjob?jk=e1719c3044cb5bd1,정보보안 담당자,성남 분당구
66,https://kr.indeed.com/viewjob?jk=35b027aa25049d45,Support Engineer _ Azure PaaS,서울
67,https://kr.indeed.com/viewjob?jk=613678e409e8667c,데이터 분석 및 지표 구축,성남 분당구
68,https://kr.indeed.com/viewjob?jk=85f09bec01e7004d,AI 개발자 에듀테크 1등기업 new,서울특별시
69,https://kr.indeed.com/viewjob?jk=9fa6357505080fd7,[KSTEC] 2020년 신입 및 경력 (SW개발자),성남 분당구
70,https://kr.indeed.com/viewjob?jk=c78a3c5d7bb7d883,웹 애플리케이션 개발자,성남 분당구
71,https://kr.indeed.com/viewjob?jk=255dc6b8fa2e41ef,CTO 최고기술책임자,서울 강남구
72,https://kr.indeed.com/viewjob?jk=f281c810daf0e10d,카카오 네트워크 엔지니어,성남 판교역
73,https://kr.indeed.com/viewjob?jk=8d613c012d6dbbcb,[공채] 2020년 수시-R&D센터 (4월19일 마감),경기도 화성
74,https://kr.indeed.com/viewjob?jk=f81b03b26abefd26,인공지능AI 기술연구개발(이미지 학습/자동채색/자동번역),성남 분당구
75,https://kr.indeed.com/viewjob?jk=2d20b6f66e2dace1,글로벌 솔루션 기반 데이터 분석가,서울 송파구
76,https://kr.indeed.com/viewjob?jk=1eea05b0e37e3c85,Security CSIRT,성남 서현역
77,https://kr.indeed.com/viewjob?jk=87ffcc00c445cbba,무료교육 자율주행SW 개발전문가 교육생,성남 분당구
78,https://kr.indeed.com/viewjob?jk=dd06066d79860614,MySQL Engineer,성남 판교역
79,https://kr.indeed.com/viewjob?jk=be6c1f03fa566f8e,추천 시스템 연구/개발,성남 판교역
80,https://kr.indeed.com/viewjob?jk=8dfc9993e2aa9160,유저프로파일팀 - 데이터 모델러,성남 분당구
81,https://kr.indeed.com/viewjob?jk=cef60a5a4a42fe95,AD Performance Dev,성남 서현역
82,https://kr.indeed.com/viewjob?jk=0bbf23c0930be392,Support Engineer,서울
83,https://kr.indeed.com/viewjob?jk=c73ca1effb65d557,AD 데이터 분석,성남 서현역
84,https://kr.indeed.com/viewjob?jk=60099478f439b5b9,"[펜타시큐리티] 보안S/W 개발자 (DB, 인증, 블록체인, 클라우드)",서울 영등포구
85,https://kr.indeed.com/viewjob?jk=1f9d2b5531c6f60c,"연구소 우수인재 (SW개발, HW개발, FW개발, 영상처리, AI, 기구...",성남 중원구
86,https://kr.indeed.com/viewjob?jk=b188dc331e786488,항공기상청 기간제 근로자(연구원),대한민국
87,https://kr.indeed.com/viewjob?jk=fd0ae44d58d1b95d,게임분석 담당자 (신입/경력),서울 강남구
88,https://kr.indeed.com/viewjob?jk=eb45c08f4c4a43d8,Data Analyst,서울
89,https://kr.indeed.com/viewjob?jk=4fbc49b63296ff88,Data Engineer (Analytics/Anomaly-detecti...,성남 서현역
90,https://kr.indeed.com/viewjob?jk=15a42e1f57cda077,[국비무료/해외취업] 일본 관광·서비스기업/독일 IT기업 취업연수생,서울 영등포구
91,https://kr.indeed.com/viewjob?jk=ac8d5ff1022fce65,Support Engineer _ Azure Security,서울
92,https://kr.indeed.com/viewjob?jk=fcbb91a8842ea759,웹개발/ 앱개발자 정규직,서울 구로구
93,https://kr.indeed.com/viewjob?jk=bfe0f5ac4f32ec89,추천 통계분석/데이터사이언티스트,성남 판교역
94,https://kr.indeed.com/viewjob?jk=2bd546c9224b3188,연구원(기간제 근로자),대한민국
95,https://kr.indeed.com/viewjob?jk=2f64e12e457da027,동대문구 국비 무료 훈련생,서울 동대문구
96,https://kr.indeed.com/viewjob?jk=56faa77d1c528354,청주기상지청 연구원(기간제 근로자),대한민국
97,https://kr.indeed.com/viewjob?jk=7ef22311fbf5c3c0,[S/W] AI agent QA(Quality Assurance) Eng...,대한민국
98,https://kr.indeed.com/viewjob?jk=500cf744f1af9b91,Blockchain Software Engineering in Test,성남 서현역
99,https://kr.indeed.com/viewjob?jk=b0e9252f0c2cf6ec,[개발]위메프 패션 백엔드 개발자(정규직),대한민국
100,https://kr.indeed.com/viewjob?jk=9a3f4bf60a82f67a,"개발, 분석(경력) 수시",성남 분당구
101,https://kr.indeed.com/viewjob?jk=d82623a426bb8607,(주)NDSOFT 2020년도 개발자,부산 해운대구
102,https://kr.indeed.com/viewjob?jk=297e6568c740f98e,iOS Developer,서울
103,https://kr.indeed.com/viewjob?jk=c1037225077ca4da,데이터 분석가 (Business Intelligence Analyst),서울 강남구
104,https://kr.indeed.com/viewjob?jk=c6bf8184940d37c3,Android Developer,서울
101,https://kr.indeed.com/viewjob?jk=c6bf8184940d37c3,Android Developer,서울
102,https://kr.indeed.com/viewjob?jk=3e617a8ed7934773,Quant 트레이딩 부문,대한민국
103,https://kr.indeed.com/viewjob?jk=9a3f4bf60a82f67a,"개발, 분석(경력) 수시",성남 분당구
104,https://kr.indeed.com/viewjob?jk=00a0869d8ef11d98,APEC 기후센터 (전산통계 연구원),대한민국
105,https://kr.indeed.com/viewjob?jk=695dda5fbc779a3c,경영본부 - 회계파트/ 자금파트/ 인사총무파트,서울 강남구
106,https://kr.indeed.com/viewjob?jk=8e7e6dd1929ae8ab,소프트웨어 그룹 유망계열사,경기도
107,https://kr.indeed.com/viewjob?jk=a3a65a4d59061430,위시켓과 함께할 서버개발자님,서울 강남구
108,https://kr.indeed.com/viewjob?jk=2c0226e483779522,시스템 엔지니어링,성남 판교역
109,https://kr.indeed.com/viewjob?jk=530a598184580c95,데스크탑 가상화(VDI) 엔지니어,성남 판교역
110,https://kr.indeed.com/viewjob?jk=917cc06120add6e1,Data Scientist,서울 강남구
111,https://kr.indeed.com/viewjob?jk=1937ebb0ea172f08,데이터 엔지니어,서울특별시
112,https://kr.indeed.com/viewjob?jk=9bff6cc5a8f53e6e,[개발]웹 서비스 개발자(정규직),대한민국
113,https://kr.indeed.com/viewjob?jk=9b44934f71fd85f6,신규 글로벌 Entertainmant 서비스 API 서버 개발,성남 정자역
114,https://kr.indeed.com/viewjob?jk=85f09bec01e7004d,AI 개발자 에듀테크 1등기업 new,서울특별시
115,https://kr.indeed.com/viewjob?jk=eb45c08f4c4a43d8,Data Analyst,서울
116,https://kr.indeed.com/viewjob?jk=0bce5c7e8c1e521d,[피파온라인4] 테크니컬 아티스트,서울
117,https://kr.indeed.com/viewjob?jk=ff52e5f9625f8f34,Machine Learning Engineer (LINE AI Servi...,성남 서현역
118,https://kr.indeed.com/viewjob?jk=af4eba857169ba01,[한국오라클] Data Center Technician (Engineer...,강원도 춘천
119,https://kr.indeed.com/viewjob?jk=2ffd2d68fd9b4d3e,정보전략본부(전산부·정보기획부)직원 모집,서울 강남구
120,https://kr.indeed.com/viewjob?jk=e08940daf24ccb25,AD Performance Ops,성남 서현역
121,https://kr.indeed.com/viewjob?jk=3b0e3b290f637baf,효성첨단소재(주) 타이어보강재PU 빅데이터 분석 경력사원,대한민국
122,https://kr.indeed.com/viewjob?jk=71c47ac87bb4087e,기술 인턴 인공지능 응용 연구/개발 인턴,서울 관악구
123,https://kr.indeed.com/viewjob?jk=cef60a5a4a42fe95,AD Performance Dev,성남 서현역
124,https://kr.indeed.com/viewjob?jk=d9086035792f01d0,AI 기반 로봇 서비스 개발 그룹 IT 인프라 구축,서울특별시
125,https://kr.indeed.com/viewjob?jk=37416bfad5516f6c,응용프로그램개발 및 서버 구축 개발자,서울 서대문구
126,https://kr.indeed.com/viewjob?jk=b085b3c302873fcc,Staff RF Production Test Engineer,서울
127,https://kr.indeed.com/viewjob?jk=20d40ee61adffeca,챗봇 플랫폼 개발자,성남 판교역
128,https://kr.indeed.com/viewjob?jk=432b169b273d9964,"R&D Engineer, Sr I",서울
129,https://kr.indeed.com/viewjob?jk=475cc377417d9a5b,데이터수집개발파트,성남 분당구
130,https://kr.indeed.com/viewjob?jk=5d4cf1a713fccc2a,룰루랩 전문연구요원 (AI알고리즘),서울 강남구
131,https://kr.indeed.com/viewjob?jk=f4a5057bd3043129,웹프론트엔드 개발자,성남 분당구
132,https://kr.indeed.com/viewjob?jk=9040dba1c8db2a5d,퀀트운용팀 (사원-대리급),대한민국
133,https://kr.indeed.com/viewjob?jk=94064c6864564f7b,CG Artist,대한민국
134,https://kr.indeed.com/viewjob?jk=0fb2aa7383559cf1,항공기상청 기간제 근로자(연구원),대한민국
135,https://kr.indeed.com/viewjob?jk=a771637c0eeffc26,[Search & Clova] NAVER Search 이미지 검색서버개발...,대한민국
136,https://kr.indeed.com/viewjob?jk=7af1798e214d4067,Support Engineer _ Devices & IoT,서울
137,https://kr.indeed.com/viewjob?jk=9a9e91ae6092ed2d,Developers,경기도 성남
138,https://kr.indeed.com/viewjob?jk=1eba3075433f76da,Frontend/Backend 개발(Full Stack),서울 강남구
139,https://kr.indeed.com/viewjob?jk=00c70210544b56f4,(주)쎄미시스코 소프트웨어 개발자,수원 권선구
140,https://kr.indeed.com/viewjob?jk=deb23c0881100256,FDS 서버 개발,성남 판교역
141,https://kr.indeed.com/viewjob?jk=a65baa1929f29393,데이터 플랫폼 개발,성남 판교역
142,https://kr.indeed.com/viewjob?jk=6fd1a7a454a001bf,Engineering Infrastructure 운영 및 개선,성남 서현역
143,https://kr.indeed.com/viewjob?jk=8e744330952e1893,(인턴십) Robotics Machine Learning Engineer,성남 구미동
144,https://kr.indeed.com/viewjob?jk=e0972fed5cfb64e5,한국무역통계진흥원(데이터 분석 및 기획개발) 경력직원,서울 강남구
145,https://kr.indeed.com/viewjob?jk=166aa0c72e94a266,Business Data Analyst,서울 강남구
146,https://kr.indeed.com/viewjob?jk=d585814d097935eb,카카오톡 보이스톡/페이스톡/라이브톡 개발자,성남 판교역
147,https://kr.indeed.com/viewjob?jk=aa9b2ed0c68a131f,[Search&Clova] Clova AI 이미지/비디오 인식 모델 개발...,대한민국
148,https://kr.indeed.com/viewjob?jk=87ffcc00c445cbba,무료교육 자율주행SW 개발전문가 교육생,성남 분당구
149,https://kr.indeed.com/viewjob?jk=37d1f6dbb37f8a38,대용량 분산 스토리지 개발자,성남 판교역
150,https://kr.indeed.com/viewjob?jk=1cf825d234463890,[피파온라인4] 소프트웨어 엔지니어,서울
151,https://kr.indeed.com/viewjob?jk=01cdfff2d55c2fa5,PMIC S/W APPS Engineering – Senior to St...,서울
152,https://kr.indeed.com/viewjob?jk=297e6568c740f98e,iOS Developer,서울
153,https://kr.indeed.com/viewjob?jk=d11342cfe074df78,Frontend Developer (Javascript/React),서울
154,https://kr.indeed.com/viewjob?jk=c1037225077ca4da,데이터 분석가 (Business Intelligence Analyst),서울 강남구
151,https://kr.indeed.com/viewjob?jk=297e6568c740f98e,iOS Developer,서울
152,https://kr.indeed.com/viewjob?jk=d11342cfe074df78,Frontend Developer (Javascript/React),서울
153,https://kr.indeed.com/viewjob?jk=c1037225077ca4da,데이터 분석가 (Business Intelligence Analyst),서울 강남구
154,https://kr.indeed.com/viewjob?jk=6e8010e7c1433f55,백엔드 엔지니어 (e-커머스),서울
155,https://kr.indeed.com/viewjob?jk=b085b3c302873fcc,Staff RF Production Test Engineer,서울
156,https://kr.indeed.com/viewjob?jk=2c0226e483779522,시스템 엔지니어링,성남 판교역
157,https://kr.indeed.com/viewjob?jk=bd1ad6ca3aba3000,데이터 엔지니어 / Data Engineer,서울
158,https://kr.indeed.com/viewjob?jk=a03fdcac1dffb97a,데이터 분석가(팀원급),서울
159,https://kr.indeed.com/viewjob?jk=d90b5ba4ce618721,"Sr. Solutions Architect, Storage",서울
160,https://kr.indeed.com/viewjob?jk=10ddf37c7b70f83b,[해외취업] 고급 IT 엔지니어,대한민국
161,https://kr.indeed.com/viewjob?jk=37416bfad5516f6c,응용프로그램개발 및 서버 구축 개발자,서울 서대문구
162,https://kr.indeed.com/viewjob?jk=dcafe087f86aaa47,경력사원 수시,서울
163,https://kr.indeed.com/viewjob?jk=c2cf32da4ed35d9b,Korea Structuring Junior,대한민국
164,https://kr.indeed.com/viewjob?jk=1701b26651bb739a,(주)넷타겟 Bio-IT 융합 연구소 AI 연구원,대전 유성구
165,https://kr.indeed.com/viewjob?jk=f281c810daf0e10d,카카오 네트워크 엔지니어,성남 판교역
166,https://kr.indeed.com/viewjob?jk=801392fe044e4ba7,Platform/BSP SW APPS Engineering - Engin...,서울
167,https://kr.indeed.com/viewjob?jk=ad07d6a330fb619a,TOAST Cloud 운영 및 기술지원,성남 판교역
168,https://kr.indeed.com/viewjob?jk=ab157cc80acdbe96,지스트 블록체인인터넷경제연구센터 계약직(연구원),광주 북구
169,https://kr.indeed.com/viewjob?jk=ad1bf1198b168944,"[해외취업] 베리텍, 시스템개발자/응용프로그래머",대한민국
170,https://kr.indeed.com/viewjob?jk=b2ebc1da56d8b120,GNI 소프트웨어 개발자,울산 북구
171,https://kr.indeed.com/viewjob?jk=4206cd042c6633c1,Software Engineer - Seoul,서울
172,https://kr.indeed.com/viewjob?jk=3c70b1ded0c003ef,[KSTEC] 통계/Analytics 경력사원,성남 분당구
173,https://kr.indeed.com/viewjob?jk=b66a0f15f83a95da,"[긴급] C-ITS 교통산업 컨설팅, 수주 전략 기획, 제안 ( 대리-차...",서울
174,https://kr.indeed.com/viewjob?jk=06995d4800ce38f3,Field Application Engineer (FAE) – Korea...,대한민국
175,https://kr.indeed.com/viewjob?jk=65232d6e37b8f7fb,주니어 데이터 엔지니어 / Junior Data Engineer,서울
176,https://kr.indeed.com/viewjob?jk=1c7e995da2a8a30a,자연어처리/텍스트분석 엔진 개발 및 서비스 개발(대리(6년)-차장(16년...,서울
177,https://kr.indeed.com/viewjob?jk=8c8700db243d1a3c,"Application Engineer, Sr II",서울
178,https://kr.indeed.com/viewjob?jk=533b48ae7ceee2ca,(주)웨이브웨어 2020 년도 신입사원 (개발자),대전 유성구
179,https://kr.indeed.com/viewjob?jk=d6a77ebabfefeba6,2020년 제1회 공무직 근로자 연장,대한민국
180,https://kr.indeed.com/viewjob?jk=0230fe4859f419c5,파이선 프로그래머,청주 흥덕구
181,https://kr.indeed.com/viewjob?jk=cef60a5a4a42fe95,AD Performance Dev,성남 서현역
182,https://kr.indeed.com/viewjob?jk=695dda5fbc779a3c,경영본부 - 회계파트/ 자금파트/ 인사총무파트,서울 강남구
183,https://kr.indeed.com/viewjob?jk=9a9e91ae6092ed2d,Developers,경기도 성남
184,https://kr.indeed.com/viewjob?jk=1f9d2b5531c6f60c,"연구소 우수인재 (SW개발, HW개발, FW개발, 영상처리, AI, 기구...",성남 중원구
185,https://kr.indeed.com/viewjob?jk=79aa0ecba6067f06,[Clova] Clova Platform Backend 개발자 경력사원,대한민국
186,https://kr.indeed.com/viewjob?jk=b35da47f5e84c9b4,콘텐츠서비스개발팀 - 데이터분석가,성남 분당구
187,https://kr.indeed.com/viewjob?jk=e0972fed5cfb64e5,한국무역통계진흥원(데이터 분석 및 기획개발) 경력직원,서울 강남구
188,https://kr.indeed.com/viewjob?jk=8af26b37623864c4,8퍼센트 개발자 (신입/경력),서울 종로구
189,https://kr.indeed.com/viewjob?jk=555a7a6146c2d0fb,주요정보통신기반시설 취약점분석평가 전문인력(경력),과천 과천시
190,https://kr.indeed.com/viewjob?jk=675a57bd6835fd89,정산 및 재무서비스 개발자,성남 분당구
191,https://kr.indeed.com/viewjob?jk=2531a0c578f5ca30,[Robotics] Robot Software Engineer,대한민국
192,https://kr.indeed.com/viewjob?jk=c34f716ce3a4d2d0,IT 강소기업 JAVA 솔루션 개발자 (경력직) (성수동),서울
193,https://kr.indeed.com/viewjob?jk=e787fde04b998e1a,게임이상탐지팀 서비스 개발자,성남 분당구
194,https://kr.indeed.com/viewjob?jk=05439002712f8135,차세대 광-무선 가입자망 연구센터 연구전담교수,광주 북구
195,https://kr.indeed.com/viewjob?jk=72bfae500ccb7b1f,로봇 시뮬레이션 API 개발자,울산 중구
196,https://kr.indeed.com/viewjob?jk=b0e563cbee63c282,PHP / 퍼블리셔 / Python / Ruby 개발자 채용( 각 1명...,서울
197,https://kr.indeed.com/viewjob?jk=663be407a2dc3442,게임 플랫폼 서버 개발,성남 서현역
198,https://kr.indeed.com/viewjob?jk=feac8a234b715106,네이버 일본 맛집 서비스 CONOMI 머신러닝 개발자,대한민국
199,https://kr.indeed.com/viewjob?jk=576ead69fc50c3e5,"Principal, Supply Chain Management(Inven...",서울
200,https://kr.indeed.com/viewjob?jk=7aba45ffde3ad6ee,Ericsson-LG Enterprise 경력 개발자 (추가 ),서울 금천구
201,https://kr.indeed.com/viewjob?jk=a50fce6cc2cb57c9,자연어처리전문가 금융챗봇 만들어 갈 엔지니어,서울 충정로역
202,https://kr.indeed.com/viewjob?jk=07375dc4e800dfa9,추천 시스템 소프트웨어 엔지니어,성남 판교역
203,https://kr.indeed.com/viewjob?jk=8d0b3a79363b5a69,Business Analyst (Search and Discovery A...,서울
204,https://kr.indeed.com/viewjob?jk=c6bf8184940d37c3,Android Developer,서울
201,https://kr.indeed.com/viewjob?jk=c6bf8184940d37c3,Android Developer,서울
202,https://kr.indeed.com/viewjob?jk=297e6568c740f98e,iOS Developer,서울
203,https://kr.indeed.com/viewjob?jk=d11342cfe074df78,Frontend Developer (Javascript/React),서울
204,https://kr.indeed.com/viewjob?jk=c1037225077ca4da,데이터 분석가 (Business Intelligence Analyst),서울 강남구
205,https://kr.indeed.com/viewjob?jk=41cde1a35365547f,Product Intelligence Product Manager(Aza...,서울
206,https://kr.indeed.com/viewjob?jk=2ffd2d68fd9b4d3e,정보전략본부(전산부·정보기획부)직원 모집,서울 강남구
207,https://kr.indeed.com/viewjob?jk=aa9b2ed0c68a131f,[Search&Clova] Clova AI 이미지/비디오 인식 모델 개발...,대한민국
208,https://kr.indeed.com/viewjob?jk=b9974ad79659bb6d,"카카오콘 앱(iOS), 서버 경력 개발자",대한민국
209,https://kr.indeed.com/viewjob?jk=ea3b136c0ff59524,데이터분석가(게임어뷰징 탐지),성남 분당구
210,https://kr.indeed.com/viewjob?jk=1d08b973eadc35b8,RTL 및 ASIC 설계 엔지니어(딥러닝 하드웨어 프로세서 개발),성남 분당구
211,https://kr.indeed.com/viewjob?jk=8b29e16a2f9665f2,"Principal, Strategic Planning",서울
212,https://kr.indeed.com/viewjob?jk=257110e5aec08f6d,[Search&Clova] Clova 머신러닝 Scientist 개발 신...,대한민국
213,https://kr.indeed.com/viewjob?jk=a6a4b500fa0340d4,"Director, Software Engineering (Coupang...",서울
214,https://kr.indeed.com/viewjob?jk=1cf825d234463890,[피파온라인4] 소프트웨어 엔지니어,서울
215,https://kr.indeed.com/viewjob?jk=5ff17b27cd83a1c0,네트워크 자동화 개발자,성남 분당구
216,https://kr.indeed.com/viewjob?jk=39d1abf861dbdb6e,[AI Lab] AI 백엔드 엔지니어,서울
217,https://kr.indeed.com/viewjob?jk=37b785f21c60e74f,[Search&Clova] Clova AI 이미지/비디오 인식 모델 개발...,대한민국
218,https://kr.indeed.com/viewjob?jk=22a5590c81649937,Senior Technical Consultant,서울
219,https://kr.indeed.com/viewjob?jk=3d941e4b961230cd,2018년도 국가기상위성센터 공무직근로자(연구원),대한민국
220,https://kr.indeed.com/viewjob?jk=6ed2963730d3c340,Systems Engineer,대전
221,https://kr.indeed.com/viewjob?jk=bd1ad6ca3aba3000,데이터 엔지니어 / Data Engineer,서울
222,https://kr.indeed.com/viewjob?jk=5123207a169f90eb,Software Developer - Front-End / Back-En...,서울
223,https://kr.indeed.com/viewjob?jk=5f3b7800e776da58,Senior Business Analysis (Strategic Plan...,서울
224,https://kr.indeed.com/viewjob?jk=ecc4154e1f4d28a8,Android Software Engineer,서울
225,https://kr.indeed.com/viewjob?jk=b574f1454ae36aab,Cross Border Ecommerce - Business Intell...,서울
226,https://kr.indeed.com/viewjob?jk=248f25cc0416aa37,Java Backend Software Engineer,서울
227,https://kr.indeed.com/viewjob?jk=cb286253682cb876,[던전앤파이터] 클라이언트 툴 프로그래머,서울 강남구
228,https://kr.indeed.com/viewjob?jk=65232d6e37b8f7fb,주니어 데이터 엔지니어 / Junior Data Engineer,서울
229,https://kr.indeed.com/viewjob?jk=03afc264de494fa3,[S/W] AI Platform Engineer,대한민국
230,https://kr.indeed.com/viewjob?jk=7d85150a375cfacf,[Search & Clova] BigData and AI Platform...,대한민국
231,https://kr.indeed.com/viewjob?jk=19b44e0d17d112e2,분석실 - 베이지안 분석 전문가,성남 분당구
232,https://kr.indeed.com/viewjob?jk=ae2c6294bc277408,Lead Technical Solutions Engineer,서울
233,https://kr.indeed.com/viewjob?jk=fe5510b9dff5b159,2018년도 국가기상위성센터 공무직근로자(연구원) (전문연구요원 포함),대한민국
234,https://kr.indeed.com/viewjob?jk=917cc06120add6e1,Data Scientist,서울 강남구
235,https://kr.indeed.com/viewjob?jk=9b44934f71fd85f6,신규 글로벌 Entertainmant 서비스 API 서버 개발,성남 정자역
236,https://kr.indeed.com/viewjob?jk=e8397e3a19e81529,2018년도 기후변화감시과 공무직 근로자(연구보조원) 장애인 특별,대한민국
237,https://kr.indeed.com/viewjob?jk=ee5df99ada829d81,SI 프로젝트 개발자 (계약직 및 프리랜서),서울 구로구
238,https://kr.indeed.com/viewjob?jk=37127548f83bb7f7,[Search & Clova] 네이버 웹검색 연구/개발 경력사원,대한민국
239,https://kr.indeed.com/viewjob?jk=faf0422473d4188a,[Search & Clova] 쇼핑검색 AI 기술 개발 신입/경력사원,대한민국
240,https://kr.indeed.com/viewjob?jk=b245cdab72782813,커머스 플랫폼 개발 (데이터 엔지니어),성남 서현역
241,https://kr.indeed.com/viewjob?jk=fa32e47d04a9f932,모바일 보안,성남 판교역
242,https://kr.indeed.com/viewjob?jk=fa839fed02943ef7,"Technical Specialist, Professional Servi...",서울
243,https://kr.indeed.com/viewjob?jk=0c1f05a0f45f5b4e,동남아 모바일 대출 기획 및 운영,성남 판교역
244,https://kr.indeed.com/viewjob?jk=90104004fabe2502,[Search & Clova] 글로벌 콘텐츠 검색/ AI 기술 개발 신입...,대한민국
245,https://kr.indeed.com/viewjob?jk=1b0be42764835ab3,Senior Consultant / Applications Enginee...,대전
246,https://kr.indeed.com/viewjob?jk=cd826811aa0f2ab5,기술연구소-연구원,서울 금천구
247,https://kr.indeed.com/viewjob?jk=2d5c603043556b81,Marketing Science Director,서울
248,https://kr.indeed.com/viewjob?jk=166aa0c72e94a266,Business Data Analyst,서울 강남구
249,https://kr.indeed.com/viewjob?jk=8aeedb3a2dba74b6,Software Test Engineer for HANA Engine I...,서울
250,https://kr.indeed.com/viewjob?jk=628e527f7e9ca158,2018년 제2차 기상레이더센터 연구원(장애인) 특별,대한민국
251,https://kr.indeed.com/viewjob?jk=c6e0b428a62c7eaa,경험최적화파트 - 데이터 사이언티스트/분석가,성남 분당구
252,https://kr.indeed.com/viewjob?jk=73457e281df2be21,데이터인프라개발팀 - 데이터 플랫폼 엔지니어,성남 분당구
253,https://kr.indeed.com/viewjob?jk=6d479593b544fa68,카카오 전체의 사용자 플랫폼 만들 서버개발자,성남 판교역
251,https://kr.indeed.com/viewjob?jk=c6bf8184940d37c3,Android Developer,서울
252,https://kr.indeed.com/viewjob?jk=1eba3075433f76da,Frontend/Backend 개발(Full Stack),서울 강남구
253,https://kr.indeed.com/viewjob?jk=b7be58e7af38d186,Developer (개발자),경기도 성남
254,https://kr.indeed.com/viewjob?jk=e36af236652e8e9d,Data Analyst (CRM),서울
255,https://kr.indeed.com/viewjob?jk=8d0b3a79363b5a69,Business Analyst (Search and Discovery A...,서울
256,https://kr.indeed.com/viewjob?jk=e1e8ad007f553ed2,2019년 기상청 국가태풍센터 공무직 근로자 (연장),대한민국
257,https://kr.indeed.com/viewjob?jk=281fb1cb3dff0cf8,글로벌&모바일 플랫폼 운영을 담당할 를 합니다.,성남 분당구
258,https://kr.indeed.com/viewjob?jk=f044d9361c664f80,Technical Trainer - Amazon Web Services,서울
259,https://kr.indeed.com/viewjob?jk=0e17190c66936750,웹/앱 개발자 (경력),수원 장안구
260,https://kr.indeed.com/viewjob?jk=dcbce45dbe2d3679,Senior Full-Stack Developer,서울
261,https://kr.indeed.com/viewjob?jk=ed01bcce65f5abd3,Mechanical BOP 그룹 유망계열사,경기도
262,https://kr.indeed.com/viewjob?jk=a39853230d5ceca8,Healthcare Real World Data Analyst 담당자,서울
263,https://kr.indeed.com/viewjob?jk=b5f011215f2f118e,2019년 기상청 국가태풍센터 공무직 근로자,대한민국
264,https://kr.indeed.com/viewjob?jk=1c90165f772bc595,Data Scientist(SCM S&OP),서울
265,https://kr.indeed.com/viewjob?jk=692486e7a2b0522e,데브옵스 솔루션 개발자,성남 분당구
266,https://kr.indeed.com/viewjob?jk=85687b250386c4be,qe 소프트웨어 엔지니어,대한민국
267,https://kr.indeed.com/viewjob?jk=40454c3ae7eb142d,Data Scientist,서울
268,https://kr.indeed.com/viewjob?jk=2d4bf1cdf35d10ee,"2019년도 제1회 국가기상위성센터 공무직근로자(연구원, 전문연구요원)...",대한민국
269,https://kr.indeed.com/viewjob?jk=649ccf047c868778,"금융 데이터 분석 엔진, 로보어드바이저 개발자",서울 영등포구
270,https://kr.indeed.com/viewjob?jk=89a689a00d8170bc,Core Researcher,서울
271,https://kr.indeed.com/viewjob?jk=71c47ac87bb4087e,기술 인턴 인공지능 응용 연구/개발 인턴,서울 관악구
272,https://kr.indeed.com/viewjob?jk=b0e563cbee63c282,PHP / 퍼블리셔 / Python / Ruby 개발자 채용( 각 1명...,서울
273,https://kr.indeed.com/viewjob?jk=c499b3dde5c2e196,데이터인프라개발팀 - 데이터 엔지니어,성남 분당구
274,https://kr.indeed.com/viewjob?jk=d9a8d22b38653d34,[인재풀] Central Development Services,서울
275,https://kr.indeed.com/viewjob?jk=2892c67308e87f01,Field Data Scientist,경기도
276,https://kr.indeed.com/viewjob?jk=c03c273e6121c0e2,(클라우드플랫폼) 클라우드 솔루션 아키텍트 모집,성남 삼평동
277,https://kr.indeed.com/viewjob?jk=de210ffb5a9ee0c4,카카오톡 신규 서비스 서버 개발자,성남 판교역
278,https://kr.indeed.com/viewjob?jk=7a08f5e589b10a00,"Senior, Software Engineer (Search Qualit...",서울
279,https://kr.indeed.com/viewjob?jk=116009dbf59211ed,퍼즐데이터 역량있는 데이터 분석가,서울 역삼동
280,https://kr.indeed.com/viewjob?jk=cae2de07045cfb2b,"Java, Python 영상툴 개발자",서울 마곡동
281,https://kr.indeed.com/viewjob?jk=1aa1ef16d0ee1675,데이터분석가(팀장급),서울
282,https://kr.indeed.com/viewjob?jk=419692b3ddb34768,Analytics Specialist,서울
283,https://kr.indeed.com/viewjob?jk=b1a416d3180ab6a7,"UI/UX개발/고객행동분석 (Python, GA, Database)",서울 용산구
284,https://kr.indeed.com/viewjob?jk=4a94f2401f999ab6,Data Analyst,서울
285,https://kr.indeed.com/viewjob?jk=a50fce6cc2cb57c9,자연어처리전문가 금융챗봇 만들어 갈 엔지니어,서울 충정로역
286,https://kr.indeed.com/viewjob?jk=633d7d2bea9e3044,[해외취업] 엔지니어/게임 프로그래머 정사원/계약사원 중,대한민국
287,https://kr.indeed.com/viewjob?jk=c13abffb44505877,NXLog팀 - 소프트웨어 엔지니어,성남 분당구
288,https://kr.indeed.com/viewjob?jk=a90457066bb577a4,Cloud Support Eng. II (Lin),서울
289,https://kr.indeed.com/viewjob?jk=7f38721257646550,Cloud Support Eng. II (DMS),서울
290,https://kr.indeed.com/viewjob?jk=952e0a8d9bac4aea,고성능 게임 피드백 서버 개발,성남 분당구
291,https://kr.indeed.com/viewjob?jk=882ce3f45214f1b1,Junior and/or Senior Engineers for MySQL...,서울
292,https://kr.indeed.com/viewjob?jk=ff99efe4f7f952d7,"기술연구소 정규직 연력(Java, C++, Python, 기타) 및 ER...",서울
293,https://kr.indeed.com/viewjob?jk=e51c8736967894d3,TEST IT,인천 부평구
294,https://kr.indeed.com/viewjob?jk=7bf179a290a157b2,경험최적화파트 - 머신러닝 엔지니어,성남 분당구
295,https://kr.indeed.com/viewjob?jk=c785e5a157d59ddd,"[해외취업] 캐나다, Samsung Ads. Application Spe...",대한민국
296,https://kr.indeed.com/viewjob?jk=9ba11226adbb856d,Platform/BSP SW APPS Engineering - Engin...,서울
297,https://kr.indeed.com/viewjob?jk=77d8e0149dad533b,블록체인인터넷경제 연구센터 위촉연구원,광주 북구
298,https://kr.indeed.com/viewjob?jk=f25f49ac012b1984,머신러닝 엔지니어 모집,성남 삼평동
299,https://kr.indeed.com/viewjob?jk=ad1bf1198b168944,"[해외취업] 베리텍, 시스템개발자/응용프로그래머",대한민국
300,https://kr.indeed.com/viewjob?jk=8d8caa9ce2b86d80,데이터 분석/엔지니어 모집,성남 삼평동
301,https://kr.indeed.com/viewjob?jk=f79f6cd3e91fcc1a,"Principal, Data Engineer (EDW Data Proce...",서울
302,https://kr.indeed.com/viewjob?jk=297e6568c740f98e,iOS Developer,서울
303,https://kr.indeed.com/viewjob?jk=d11342cfe074df78,Frontend Developer (Javascript/React),서울
304,https://kr.indeed.com/viewjob?jk=c1037225077ca4da,데이터 분석가 (Business Intelligence Analyst),서울 강남구
301,https://kr.indeed.com/viewjob?jk=c6bf8184940d37c3,Android Developer,서울
302,https://kr.indeed.com/viewjob?jk=a642a703cc520fd4,(주)이브이패스 데이터분석팀 직원,제주 제주시
303,https://kr.indeed.com/viewjob?jk=94242432ba095bac,기업부설연구소 경력직 연구원(정규직) 공개,서울 구로구
304,https://kr.indeed.com/viewjob?jk=872e4ef109d7872a,"Principal, Data Analyst (FC & Transporta...",서울
305,https://kr.indeed.com/viewjob?jk=449e0f73f32c6c7a,Cloud 서비스 (Infra as a Service) 개발자 (경력),성남 판교역
306,https://kr.indeed.com/viewjob?jk=ae15250b0a7f47e0,데이터 엔지니어,서울 여의도
307,https://kr.indeed.com/viewjob?jk=67a92be234325f85,[해외취업] AI 엔지니어,대한민국
308,https://kr.indeed.com/viewjob?jk=d017610d9828199c,"드론 데이터 스타트업, 엔젤스윙 엔지니어",서울 관악구
309,https://kr.indeed.com/viewjob?jk=8e744330952e1893,(인턴십) Robotics Machine Learning Engineer,성남 구미동
310,https://kr.indeed.com/viewjob?jk=555a7a6146c2d0fb,주요정보통신기반시설 취약점분석평가 전문인력(경력),과천 과천시
311,https://kr.indeed.com/viewjob?jk=8af26b37623864c4,8퍼센트 개발자 (신입/경력),서울 종로구
312,https://kr.indeed.com/viewjob?jk=eda2098164f2e92f,[메가존] 정보보호 및 개인정보보호 담당자 (신입/경력),서울 강남구
313,https://kr.indeed.com/viewjob?jk=d425b24146af3fa1,지구·환경공학부 환경시스템공학 연구실 위촉연구원,광주 북구
314,https://kr.indeed.com/viewjob?jk=8d5fb56befa7d95d,경력/신입사원 채용,창원 양덕동
315,https://kr.indeed.com/viewjob?jk=383d4c8a7156b52b,[카카오 클라우드] 플랫폼 포털 개발자,성남 판교역
316,https://kr.indeed.com/viewjob?jk=07f425a9fb3ee67b,"글로벌 플랫폼 쉴드 개발(인증보안,이상결제,평판 등)",성남 분당구
317,https://kr.indeed.com/viewjob?jk=a6716c0e2f2a3e37,[해외취업] 캘리포니아 주에 위치한 모바일 액세서리 기업 #S사 Back...,대한민국
318,https://kr.indeed.com/viewjob?jk=e5c63f4e86ceefda,Technical / UX Writer,서울
319,https://kr.indeed.com/viewjob?jk=3ecc0d5295f6a3ec,글로벌 메이저 소비재 기업 Server Technician (7~12년차...,서울 강남구
320,https://kr.indeed.com/viewjob?jk=cf8421bb60700bb3,인공지능/빅데이터 스타트업 서버 개발자 경력 계약직,서울 서초구
321,https://kr.indeed.com/viewjob?jk=37416bfad5516f6c,응용프로그램개발 및 서버 구축 개발자,서울 서대문구
322,https://kr.indeed.com/viewjob?jk=1f542078927eb1e4,Data Center Technician,서울
323,https://kr.indeed.com/viewjob?jk=2a4041f0b6aeb27b,"RF SW Engineer, Senior",서울
324,https://kr.indeed.com/viewjob?jk=464ef95516a5fa5c,8퍼센트 경력 개발자,서울 종로구
325,https://kr.indeed.com/viewjob?jk=00427fa2d835d4a1,소프트웨어 신입/경력 정규직,경상북도 경산
326,https://kr.indeed.com/viewjob?jk=a17c4dc1964c2add,이브이패스 데이터분석팀 직원,제주 제주시
327,https://kr.indeed.com/viewjob?jk=cdb73ed97e74098a,Senior Back-End Developer,서울
328,https://kr.indeed.com/viewjob?jk=1701b26651bb739a,(주)넷타겟 Bio-IT 융합 연구소 AI 연구원,대전 유성구
329,https://kr.indeed.com/viewjob?jk=081ba90fcfa975e3,4G LTE/5G NR Software Engineer,서울 신대방동
330,https://kr.indeed.com/viewjob?jk=518298c796a11371,2020 상반기 개발직군,서울 서초구
331,https://kr.indeed.com/viewjob?jk=37da5b148b2d3ef4,Senior Data Scientist - AWS Professional...,서울
332,https://kr.indeed.com/viewjob?jk=a3a65a4d59061430,위시켓과 함께할 서버개발자님,서울 강남구
333,https://kr.indeed.com/viewjob?jk=29e3b5646b869f60,[해외취업] 【AI・RPAエンジニア】経験半年の方も歓迎 10ヵ国の技術者が在...,대한민국
334,https://kr.indeed.com/viewjob?jk=d6c05c588971df5a,백엔드 파운트 시스템 엔지니어 (현재 급여수준 이상 보장),서울 충정로역
335,https://kr.indeed.com/viewjob?jk=a93153e898855084,2019년도 기후과학국 공무직 근로자,대한민국
336,https://kr.indeed.com/viewjob?jk=5890f6684fe883b7,2019년도 기상청 기후과학국 공무직 근로자 (연장),대한민국
337,https://kr.indeed.com/viewjob?jk=d2ca1a4025dbb1a7,"기업부설연구소 연구원 (인공지능(AI), 딥러닝), 소프트웨어 개발자 신...",서울 금천구
338,https://kr.indeed.com/viewjob?jk=f915f667e4052f91,Back-end Engineer,서울
339,https://kr.indeed.com/viewjob?jk=c1936b77c8be4bcf,빅데이터 플랫폼 및 BI시스템 구축 그룹 IT계열사,서울특별시
340,https://kr.indeed.com/viewjob?jk=615168b399422305,Software Engineer - Back-end Web,서울
341,https://kr.indeed.com/viewjob?jk=f6ed4590d23db9b2,"[긴급] C-ITS 기술사 교통산업 컨설팅, 수주 전략 기획, 제안 (...",서울
342,https://kr.indeed.com/viewjob?jk=8ae7c240ef7d5f0b,카카오 분석 플랫폼 경력 개발자,성남 판교역
343,https://kr.indeed.com/viewjob?jk=32e48945651ff494,"서버개발/웹개발/모바일(안드로이드,IOS)",서울 오금동
344,https://kr.indeed.com/viewjob?jk=5faf4a69ab8c86ca,[FEG] 리버스 엔지니어,서울 구로구
345,https://kr.indeed.com/viewjob?jk=510c964a8b329518,"스마트팜 환경제어 어플리케이션 개발, 유지보수 프로그래머",고양 덕양구
346,https://kr.indeed.com/viewjob?jk=00c70210544b56f4,(주)쎄미시스코 소프트웨어 개발자,수원 권선구
347,https://kr.indeed.com/viewjob?jk=42854af9a9301b2e,2016년도 상반기 국립기상과학원 기간제근로자(소프트웨어기사),대한민국
348,https://kr.indeed.com/viewjob?jk=8fed3be0c61156c9,벡엔드 및 인프라 개발자,서울 강남구
349,https://kr.indeed.com/viewjob?jk=d0ae3cf7638734ac,데이터 사이언티스트 / Data Scientist,서울
350,https://kr.indeed.com/viewjob?jk=1d98c46b4900b7e6,Pipeline TD,서울 서초구
351,https://kr.indeed.com/viewjob?jk=9214061c8bc345b2,FX,서울 서초구
352,https://kr.indeed.com/viewjob?jk=297e6568c740f98e,iOS Developer,서울
353,https://kr.indeed.com/viewjob?jk=d11342cfe074df78,Frontend Developer (Javascript/React),서울
354,https://kr.indeed.com/viewjob?jk=c1037225077ca4da,데이터 분석가 (Business Intelligence Analyst),서울 강남구
351,https://kr.indeed.com/viewjob?jk=c6bf8184940d37c3,Android Developer,서울
352,https://kr.indeed.com/viewjob?jk=f281c810daf0e10d,카카오 네트워크 엔지니어,성남 판교역
353,https://kr.indeed.com/viewjob?jk=9fa9d498506f86aa,기술영업(신입/경력),대한민국
354,https://kr.indeed.com/viewjob?jk=2a1d77bd91952093,(주)엘솔루 개발자,서울
355,https://kr.indeed.com/viewjob?jk=6ecc8058c1538843,데이터플랫폼실 - Software Engineer,성남 분당구
356,https://kr.indeed.com/viewjob?jk=e08940daf24ccb25,AD Performance Ops,성남 서현역
357,https://kr.indeed.com/viewjob?jk=ea3b136c0ff59524,데이터분석가(게임어뷰징 탐지),성남 분당구
358,https://kr.indeed.com/viewjob?jk=ffd9cedb23e97344,파이썬SW 금융분야 특화 챗봇 개발 함께 할 엔지니어,서울 충정로역
359,https://kr.indeed.com/viewjob?jk=5ed0334bca0963cb,[Autonomous Driving] Virtual Environment...,대한민국
360,https://kr.indeed.com/viewjob?jk=7290be9998348251,빅데이터 및 AI기반의 마케팅 마케터 및 플랫폼기획자,서울 강남구
361,https://kr.indeed.com/viewjob?jk=eaee1538d8cc832f,메시지발송 플랫폼 개발자,성남 분당구
362,https://kr.indeed.com/viewjob?jk=6f5f95ef23cb05f8,시니어 백엔드 개발자(Senior Back-end Developer),서울 청담동
363,https://kr.indeed.com/viewjob?jk=8dfc9993e2aa9160,유저프로파일팀 - 데이터 모델러,성남 분당구
364,https://kr.indeed.com/viewjob?jk=be6c1f03fa566f8e,추천 시스템 연구/개발,성남 판교역
365,https://kr.indeed.com/viewjob?jk=6b65a5a35da64ed3,[카카오 클라우드] 클라우드 개발자(Monitoring as a Serv...,성남 판교역
366,https://kr.indeed.com/viewjob?jk=c13abffb44505877,NXLog팀 - 소프트웨어 엔지니어,성남 분당구
367,https://kr.indeed.com/viewjob?jk=4bd2e836d472ecba,[해외취업] 얼바인 소재 모바일 엑세서리 대기업 하반기 _Front-En...,대한민국
368,https://kr.indeed.com/viewjob?jk=48ace3aa027982bc,Cloud Service 개발 및 운영,성남 서현역
369,https://kr.indeed.com/viewjob?jk=f25f49ac012b1984,머신러닝 엔지니어 모집,성남 삼평동
370,https://kr.indeed.com/viewjob?jk=d0491a887a50b32d,프로그래밍 서버개발자,성남 판교동
371,https://kr.indeed.com/viewjob?jk=692486e7a2b0522e,데브옵스 솔루션 개발자,성남 분당구
372,https://kr.indeed.com/viewjob?jk=c785e5a157d59ddd,"[해외취업] 캐나다, Samsung Ads. Application Spe...",대한민국
373,https://kr.indeed.com/viewjob?jk=85687b250386c4be,qe 소프트웨어 엔지니어,대한민국
374,https://kr.indeed.com/viewjob?jk=3ca47f227f783ee5,저축은행 디지털 LAB,서울 구로구
375,https://kr.indeed.com/viewjob?jk=a93153e898855084,2019년도 기후과학국 공무직 근로자,대한민국
376,https://kr.indeed.com/viewjob?jk=79aa0ecba6067f06,[Clova] Clova Platform Backend 개발자 경력사원,대한민국
377,https://kr.indeed.com/viewjob?jk=5620b1845a6fad85,Microsoft 기술지원(Azure),서울 논현동
378,https://kr.indeed.com/viewjob?jk=1622a08497f8c091,Data Scientist,서울
379,https://kr.indeed.com/viewjob?jk=d04d5965fd332b3e,DW&BI팀 Data Architect,서울
380,https://kr.indeed.com/viewjob?jk=273d830a0c62aedd,솔루션 프론트엔드 개발자,성남 분당구
381,https://kr.indeed.com/viewjob?jk=2d20b6f66e2dace1,글로벌 솔루션 기반 데이터 분석가,서울 송파구
382,https://kr.indeed.com/viewjob?jk=20d40ee61adffeca,챗봇 플랫폼 개발자,성남 판교역
383,https://kr.indeed.com/viewjob?jk=e42dff836a3182d7,반응형웹개발자(3년이상),대한민국
384,https://kr.indeed.com/viewjob?jk=feac8a234b715106,네이버 일본 맛집 서비스 CONOMI 머신러닝 개발자,대한민국
385,https://kr.indeed.com/viewjob?jk=d6c05c588971df5a,백엔드 파운트 시스템 엔지니어 (현재 급여수준 이상 보장),서울 충정로역
386,https://kr.indeed.com/viewjob?jk=719aaaeffd746a04,FPGA 플랫폼 엔지니어(딥러닝 하드웨어 프로세서 개발),성남 분당구
387,https://kr.indeed.com/viewjob?jk=dbe0f6f7da20d201,"Principal, Back-end Engineer (Seller Por...",서울
388,https://kr.indeed.com/viewjob?jk=281fb1cb3dff0cf8,글로벌&모바일 플랫폼 운영을 담당할 를 합니다.,성남 분당구
389,https://kr.indeed.com/viewjob?jk=4ce8d6cf492225ed,"금융대기업 (연구센터) NLP 경력자, 석사이상",서울
390,https://kr.indeed.com/viewjob?jk=2cca42ee0951d4be,"Principal, Business Analysis (Coupang Ea...",서울
391,https://kr.indeed.com/viewjob?jk=f5db97b4d95cbc04,VP of Engineering,서울
392,https://kr.indeed.com/viewjob?jk=2a022297d291f917,"[해외취업] 중국, RAKUTEN, Senior QA Engineer_M...",대한민국
393,https://kr.indeed.com/viewjob?jk=6ed2963730d3c340,Systems Engineer,대전
394,https://kr.indeed.com/viewjob?jk=8cf3625826afa063,Data Mining 개발(3년이상 경력),서울
395,https://kr.indeed.com/viewjob?jk=663be407a2dc3442,게임 플랫폼 서버 개발,성남 서현역
396,https://kr.indeed.com/viewjob?jk=576ead69fc50c3e5,"Principal, Supply Chain Management(Inven...",서울
397,https://kr.indeed.com/viewjob?jk=c78a3c5d7bb7d883,웹 애플리케이션 개발자,성남 분당구
398,https://kr.indeed.com/viewjob?jk=e8d1c3f88e0b200b,Data Scientist,서울 강남구
399,https://kr.indeed.com/viewjob?jk=184b0b4e3ca1c557,Pricing - Regional Contributions Analyst...,서울
400,https://kr.indeed.com/viewjob?jk=220551aa57f5eed8,Technical Artist,서울 강남구
401,https://kr.indeed.com/viewjob?jk=f4a5057bd3043129,웹프론트엔드 개발자,성남 분당구
402,https://kr.indeed.com/viewjob?jk=297e6568c740f98e,iOS Developer,서울
403,https://kr.indeed.com/viewjob?jk=d11342cfe074df78,Frontend Developer (Javascript/React),서울
404,https://kr.indeed.com/viewjob?jk=c1037225077ca4da,데이터 분석가 (Business Intelligence Analyst),서울 강남구
401,https://kr.indeed.com/viewjob?jk=c6bf8184940d37c3,Android Developer,서울
402,https://kr.indeed.com/viewjob?jk=6f88041c28b6c1ae,한글 Q&A 시스템 연구 개발 신입/경력사원,서울 관악구
403,https://kr.indeed.com/viewjob?jk=509e7ab10e54f962,디지털마케팅본부 수신상품 기획 및 전략수립 경력자,서울
404,https://kr.indeed.com/viewjob?jk=9b44934f71fd85f6,신규 글로벌 Entertainmant 서비스 API 서버 개발,성남 정자역
405,https://kr.indeed.com/viewjob?jk=cf5adbaa505d3af3,APEC 기후센터 직원,대한민국
406,https://kr.indeed.com/viewjob?jk=9a44a1a18ab4635c,Cloud Security Engineer,서울
407,https://kr.indeed.com/viewjob?jk=e65a195da656bcdc,[동영상플랫폼] 연계형 인턴십,대한민국
408,https://kr.indeed.com/viewjob?jk=22b69448bcfcf9ed,Data engineer,서울 강남구
409,https://kr.indeed.com/viewjob?jk=613678e409e8667c,데이터 분석 및 지표 구축,성남 분당구
410,https://kr.indeed.com/viewjob?jk=555a7a6146c2d0fb,주요정보통신기반시설 취약점분석평가 전문인력(경력),과천 과천시
411,https://kr.indeed.com/viewjob?jk=606646e13ad5c569,Solution Architect,서울
412,https://kr.indeed.com/viewjob?jk=1d98c46b4900b7e6,Pipeline TD,서울 서초구
413,https://kr.indeed.com/viewjob?jk=33ebcf38f48da430,웹 개발자 (프론트엔드 신입/경력 무관,서울 광진구
414,https://kr.indeed.com/viewjob?jk=116009dbf59211ed,퍼즐데이터 역량있는 데이터 분석가,서울 역삼동
415,https://kr.indeed.com/viewjob?jk=2d5c603043556b81,Marketing Science Director,서울
416,https://kr.indeed.com/viewjob?jk=8658d39b5a20b88c,기후변화감시과 무기계약 근로자,대한민국
417,https://kr.indeed.com/viewjob?jk=6718bba08ef6e20b,모바일 앱 보안 솔루션 개발부문,서울 용산구
418,https://kr.indeed.com/viewjob?jk=c03c273e6121c0e2,(클라우드플랫폼) 클라우드 솔루션 아키텍트 모집,성남 삼평동
419,https://kr.indeed.com/viewjob?jk=6d479593b544fa68,카카오 전체의 사용자 플랫폼 만들 서버개발자,성남 판교역
420,https://kr.indeed.com/viewjob?jk=530a598184580c95,데스크탑 가상화(VDI) 엔지니어,성남 판교역
421,https://kr.indeed.com/viewjob?jk=ba3e218f3dfb8be7,Security Developer,서울 삼성동
422,https://kr.indeed.com/viewjob?jk=06eb50aff7a49bfd,데이터 엔지니어,서울
423,https://kr.indeed.com/viewjob?jk=c8869aca354714a1,Server Developer(PHP),서울
424,https://kr.indeed.com/viewjob?jk=9a3f4bf60a82f67a,"개발, 분석(경력) 수시",성남 분당구
425,https://kr.indeed.com/viewjob?jk=b06176c3a7092e0a,Customer Facing Data Scientist,서울
426,https://kr.indeed.com/viewjob?jk=7aba45ffde3ad6ee,Ericsson-LG Enterprise 경력 개발자 (추가 ),서울 금천구
427,https://kr.indeed.com/viewjob?jk=bfb3ee6d45d67013,저축은행 디지털금융본부 Data Science 팀 CSS운영 경력자,서울 구로구
428,https://kr.indeed.com/viewjob?jk=b2ebc1da56d8b120,GNI 소프트웨어 개발자,울산 북구
429,https://kr.indeed.com/viewjob?jk=9214061c8bc345b2,FX,서울 서초구
430,https://kr.indeed.com/viewjob?jk=7d85150a375cfacf,[Search & Clova] BigData and AI Platform...,대한민국
431,https://kr.indeed.com/viewjob?jk=5ecb57c806c47aa0,머신러닝,서울 선릉역
432,https://kr.indeed.com/viewjob?jk=d017610d9828199c,"드론 데이터 스타트업, 엔젤스윙 엔지니어",서울 관악구
433,https://kr.indeed.com/viewjob?jk=2962f736a95cb7e2,웹 서비스 백엔드(Back-end) 시니어 개발자,서울 금천구
434,https://kr.indeed.com/viewjob?jk=e38f22d6852a857a,Sales Engineer (APAC),서울
435,https://kr.indeed.com/viewjob?jk=8eca56448e2574c8,TA,성남 분당구
436,https://kr.indeed.com/viewjob?jk=ee7e4f2e5d69f84c,DRE - Build Engineer,서울
437,https://kr.indeed.com/viewjob?jk=c73ca1effb65d557,AD 데이터 분석,성남 서현역
438,https://kr.indeed.com/viewjob?jk=4e17fe419583b40b,데이터 분석 및 모델링 (페이코 쿠폰/광고 타겟팅),성남 판교역
439,https://kr.indeed.com/viewjob?jk=3b0e3b290f637baf,효성첨단소재(주) 타이어보강재PU 빅데이터 분석 경력사원,대한민국
440,https://kr.indeed.com/viewjob?jk=8d0b3a79363b5a69,Business Analyst (Search and Discovery A...,서울
441,https://kr.indeed.com/viewjob?jk=71e0b966bf1531df,검색개발,성남 판교역
442,https://kr.indeed.com/viewjob?jk=e0751dcb592aa9cc,ICT 서비스본부 디지털LAB,서울 구로구
443,https://kr.indeed.com/viewjob?jk=b0e9252f0c2cf6ec,[개발]위메프 패션 백엔드 개발자(정규직),대한민국
444,https://kr.indeed.com/viewjob?jk=9681ee519a4f870e,게임밸런스 (게임 시뮬레이터),성남 분당구
445,https://kr.indeed.com/viewjob?jk=8461bfe74b0948cf,SW 품질 보증 전문가,서울
446,https://kr.indeed.com/viewjob?jk=33fbfcd01ae23602,시스템 프로그래머,서울
447,https://kr.indeed.com/viewjob?jk=72bfae500ccb7b1f,로봇 시뮬레이션 API 개발자,울산 중구
448,https://kr.indeed.com/viewjob?jk=92bd400e3b5306ba,[Search & Clova] Clova AI 인재,대한민국
449,https://kr.indeed.com/viewjob?jk=257110e5aec08f6d,[Search&Clova] Clova 머신러닝 Scientist 개발 신...,대한민국
450,https://kr.indeed.com/viewjob?jk=48090bdf1303bd76,매칭팀 - 데이터분석가,성남 분당구
451,https://kr.indeed.com/viewjob?jk=8d5fb56befa7d95d,경력/신입사원 채용,창원 양덕동
452,https://kr.indeed.com/viewjob?jk=297e6568c740f98e,iOS Developer,서울
453,https://kr.indeed.com/viewjob?jk=d11342cfe074df78,Frontend Developer (Javascript/React),서울
451,https://kr.indeed.com/viewjob?jk=c6bf8184940d37c3,Android Developer,서울
452,https://kr.indeed.com/viewjob?jk=3cc6771ec537db8c,웹 개발자 채용,서울 공덕동
453,https://kr.indeed.com/viewjob?jk=4cd6649710f54e1d,데이터베이스 관리자(DBA) 모집,서울 반포동
454,https://kr.indeed.com/viewjob?jk=1a33a9c8b9904546,[해외취업] 고급 IT 엔지니어,대한민국
455,https://kr.indeed.com/viewjob?jk=d6c05c588971df5a,백엔드 파운트 시스템 엔지니어 (현재 급여수준 이상 보장),서울 충정로역
456,https://kr.indeed.com/viewjob?jk=fe5510b9dff5b159,2018년도 국가기상위성센터 공무직근로자(연구원) (전문연구요원 포함),대한민국
457,https://kr.indeed.com/viewjob?jk=5085c1b0a277bf9a,2014년도 국립기상연구소 상반기 연구원(기간제근로자),대한민국
458,https://kr.indeed.com/viewjob?jk=703240f1af245dde,Cloud Storage Architect 국내 IT 대기업,서울특별시
459,https://kr.indeed.com/viewjob?jk=dc23e8d8590f10e6,(스마트스터디게임즈) 모바일 앱 개발자,서울 서초동
460,https://kr.indeed.com/viewjob?jk=f10477b81840d778,데이터 분석가 / Business Analyst,서울
461,https://kr.indeed.com/viewjob?jk=8a15326f80e07c08,Customer Operations Engineering Manager,대한민국
462,https://kr.indeed.com/viewjob?jk=081ba90fcfa975e3,4G LTE/5G NR Software Engineer,서울 신대방동
463,https://kr.indeed.com/viewjob?jk=6718bba08ef6e20b,모바일 앱 보안 솔루션 개발부문,서울 용산구
464,https://kr.indeed.com/viewjob?jk=ea2cf2a5e929b0ee,TOAST Cloud 플랫폼 및 서비스 개발,성남 판교역
465,https://kr.indeed.com/viewjob?jk=ea7a7ab6e15151c1,WaveBridge BackEnd Developer 경력직,서울 강남구
466,https://kr.indeed.com/viewjob?jk=dc821489255954fd,Developer Advocate,서울
467,https://kr.indeed.com/viewjob?jk=c16d65e660e7e744,"Principal, Data Engineer (Pricing Compet...",서울
468,https://kr.indeed.com/viewjob?jk=7f28afa9faba22bd,모바일앱 분석툴 유저해빗 웹개발자,서울 마포구
469,https://kr.indeed.com/viewjob?jk=dd525f7585490793,"Imaging Scientist, Technology Developmen...",경기도 화성
470,https://kr.indeed.com/viewjob?jk=b51ca785a45edf17,Senior Specialist Consultant - AI/ML,서울
471,https://kr.indeed.com/viewjob?jk=2625bdacef9c5d08,"Specialist Solutions Architect III, AI/M...",서울
472,https://kr.indeed.com/viewjob?jk=e8d1c3f88e0b200b,Data Scientist,서울 강남구
473,https://kr.indeed.com/viewjob?jk=3ca47f227f783ee5,저축은행 디지털 LAB,서울 구로구
474,https://kr.indeed.com/viewjob?jk=1d98c46b4900b7e6,Pipeline TD,서울 서초구
475,https://kr.indeed.com/viewjob?jk=7a08f5e589b10a00,"Senior, Software Engineer (Search Qualit...",서울
476,https://kr.indeed.com/viewjob?jk=2a022297d291f917,"[해외취업] 중국, RAKUTEN, Senior QA Engineer_M...",대한민국
477,https://kr.indeed.com/viewjob?jk=42854af9a9301b2e,2016년도 상반기 국립기상과학원 기간제근로자(소프트웨어기사),대한민국
478,https://kr.indeed.com/viewjob?jk=e38f22d6852a857a,Sales Engineer (APAC),서울
479,https://kr.indeed.com/viewjob?jk=7772fd53bc80acde,Senior Business Analyst (Retail Program...,서울
480,https://kr.indeed.com/viewjob?jk=e42dff836a3182d7,반응형웹개발자(3년이상),대한민국
481,https://kr.indeed.com/viewjob?jk=5890f6684fe883b7,2019년도 기상청 기후과학국 공무직 근로자 (연장),대한민국
482,https://kr.indeed.com/viewjob?jk=20ccc59a88ee7847,"대기업(연구센터) Data Scientist 채용, 석사이상",서울
483,https://kr.indeed.com/viewjob?jk=92f04fc62c6d6a7a,"Technical Solutions Consultant, Android...",서울
484,https://kr.indeed.com/viewjob?jk=5b35f31ea016d1d3,"대기업 연구센터 IoT기술(Discrete Event System,머신러...",서울
485,https://kr.indeed.com/viewjob?jk=560f81c17f11a675,[링크업] 글로벌 ERP회사인 Odoo 웹 개발자.,서울 마포구
486,https://kr.indeed.com/viewjob?jk=d24428ed26f0b058,디지털LAB 신기술파트,서울 구로구
487,https://kr.indeed.com/viewjob?jk=a6df161cf8e96140,게임 딥러닝 AI 개발,성남 분당구
488,https://kr.indeed.com/viewjob?jk=a6d0f0030a9ad230,링크샵스 플랫폼 개발 및 유지보수 담당,서울 중구
489,https://kr.indeed.com/viewjob?jk=e0751dcb592aa9cc,ICT 서비스본부 디지털LAB,서울 구로구
490,https://kr.indeed.com/viewjob?jk=039e10f8ff760b78,O2O서비스 커머스 데이터 분석(대리-차장/서울),서울
491,https://kr.indeed.com/viewjob?jk=d9470ee259f7457b,Cloud Infrastructure Architect,서울
492,https://kr.indeed.com/viewjob?jk=94f2bbbeb53f3458,Database Engineer (Storage Platform),서울
493,https://kr.indeed.com/viewjob?jk=1a6b3a1ea5050b89,2016년도 국립기상과학원 1분기 연구원(기간제근로자),대한민국
494,https://kr.indeed.com/viewjob?jk=b964a03867237f11,백엔드 개발자 경력 (대전),대전 유성구
495,https://kr.indeed.com/viewjob?jk=04f3458db4cc1f14,데이터 엔지니어,대한민국
496,https://kr.indeed.com/viewjob?jk=2bd4dbc4b81c0bd3,모바일 뱅킹앱 서비스의 설계/기획 경력 [저축은행그룹 모기업],서울 구로구
497,https://kr.indeed.com/viewjob?jk=2a1d77bd91952093,(주)엘솔루 개발자,서울
498,https://kr.indeed.com/viewjob?jk=754348a9c3f08d66,Full Stack Developer,서울
499,https://kr.indeed.com/viewjob?jk=cdf617324298bb9d,저축은행 소비자금융 Data Science 팀,서울 구로구
500,https://kr.indeed.com/viewjob?jk=ed3686b9c2eea9ad,"Principal, Data Engineer (Pricing Tech)",서울
501,https://kr.indeed.com/viewjob?jk=677bb425dc2caf7e,"Software Engineering Manager, Server",서울
502,https://kr.indeed.com/viewjob?jk=297e6568c740f98e,iOS Developer,서울
503,https://kr.indeed.com/viewjob?jk=d11342cfe074df78,Frontend Developer (Javascript/React),서울
501,https://kr.indeed.com/viewjob?jk=c6bf8184940d37c3,Android Developer,서울
502,https://kr.indeed.com/viewjob?jk=297e6568c740f98e,iOS Developer,서울
503,https://kr.indeed.com/viewjob?jk=d11342cfe074df78,Frontend Developer (Javascript/React),서울
504,https://kr.indeed.com/viewjob?jk=498cbbf909edbab6,Global Payment 데이터 분석,성남 판교역
505,https://kr.indeed.com/viewjob?jk=5e20315aa45b459f,Senior Business Analysis (Eats Marketing...,서울
506,https://kr.indeed.com/viewjob?jk=ea2cf2a5e929b0ee,TOAST Cloud 플랫폼 및 서비스 개발,성남 판교역
507,https://kr.indeed.com/viewjob?jk=475cc377417d9a5b,데이터수집개발파트,성남 분당구
508,https://kr.indeed.com/viewjob?jk=4905d9f2b47e6464,서버 개발자,서울 강남구
509,https://kr.indeed.com/viewjob?jk=383d4c8a7156b52b,[카카오 클라우드] 플랫폼 포털 개발자,성남 판교역
510,https://kr.indeed.com/viewjob?jk=5890f6684fe883b7,2019년도 기상청 기후과학국 공무직 근로자 (연장),대한민국
511,https://kr.indeed.com/viewjob?jk=9301688209a46cd7,전자상거래 플랫폼 인프라 설계/구축/운영,서울
512,https://kr.indeed.com/viewjob?jk=3d594f8990d3a797,Cloud System Engineer,서울
513,https://kr.indeed.com/viewjob?jk=a771637c0eeffc26,[Search & Clova] NAVER Search 이미지 검색서버개발...,대한민국
514,https://kr.indeed.com/viewjob?jk=0ab285258b1cb206,저축은행 앱마케팅팀 데이터분석,서울 구로구
515,https://kr.indeed.com/viewjob?jk=eeb027369cdab361,분석 플랫폼 웹 프론트 엔지니어,성남 분당구
516,https://kr.indeed.com/viewjob?jk=bfe0f5ac4f32ec89,추천 통계분석/데이터사이언티스트,성남 판교역
517,https://kr.indeed.com/viewjob?jk=c495ae06620d2544,Junior and/or Senior S/W Engineers for C...,서울
518,https://kr.indeed.com/viewjob?jk=f5f3bc6e243a4d9e,[유펜솔루션] 웹 크롤링 엔진 개발자 경력 (서울),서울 강남구
519,https://kr.indeed.com/viewjob?jk=9ee452d13e7568ce,Public 클라우드 기반 AI 플랫폼 구조개선/운영 효율화,대전
520,https://kr.indeed.com/viewjob?jk=79da9b878d3d8709,저축은행 다이랙트마케팅팀 데이터분석,서울 구로구
521,https://kr.indeed.com/viewjob?jk=3e2a310c9dd0f693,[멜론] 빅데이터 서비스 개발자,성남 판교역
522,https://kr.indeed.com/viewjob?jk=dd525f7585490793,"Imaging Scientist, Technology Developmen...",경기도 화성
523,https://kr.indeed.com/viewjob?jk=1e5c123915e11399,기상청 영향예보추진팀 공무직 근로자,대한민국
524,https://kr.indeed.com/viewjob?jk=7f28afa9faba22bd,모바일앱 분석툴 유저해빗 웹개발자,서울 마포구
525,https://kr.indeed.com/viewjob?jk=98c2229e57d4ee1f,전기전자컴퓨터공학부(바이오컴퓨팅연구실) 위촉연구원,광주 북구
526,https://kr.indeed.com/viewjob?jk=1a29584d7cf07e69,마케팅 관련 데이터 분석 전문가(대리과장급),서울
527,https://kr.indeed.com/viewjob?jk=bbf36187bf5002f0,서비스 개발 및 관리,서울
528,https://kr.indeed.com/viewjob?jk=c56cf399beea5f36,[유펜솔루션] 웹 크롤링 엔진 개발자 경력 (대전),서울 강남구
529,https://kr.indeed.com/viewjob?jk=f5518c7184bf0f10,"AI,BIG DATA개발 경력직",부산 해운대구
530,https://kr.indeed.com/viewjob?jk=07f425a9fb3ee67b,"글로벌 플랫폼 쉴드 개발(인증보안,이상결제,평판 등)",성남 분당구
531,https://kr.indeed.com/viewjob?jk=aa9b2ed0c68a131f,[Search&Clova] Clova AI 이미지/비디오 인식 모델 개발...,대한민국
532,https://kr.indeed.com/viewjob?jk=22648806d1d9ecb2,연구원(기간제 근로자),대한민국
533,https://kr.indeed.com/viewjob?jk=ba26ecf33dcf82ad,(경력) 정규직 웹개발자,대전 서구
534,https://kr.indeed.com/viewjob?jk=3e80435be74cd28f,블록체인인터넷경제연구센터 위촉연구원,광주 북구
535,https://kr.indeed.com/viewjob?jk=385c58c7ced1d77b,데이터 사이언티스트 지향하는 데이터 엔지니어,성남 판교역
536,https://kr.indeed.com/viewjob?jk=8b9cf843dff9f216,근로자(연구원),대한민국
537,https://kr.indeed.com/viewjob?jk=a642a703cc520fd4,(주)이브이패스 데이터분석팀 직원,제주 제주시
538,https://kr.indeed.com/viewjob?jk=8d09144c7027cb06,[경력직] 클라우드 플랫폼(PaaS) 엔지니어 채용,서울
539,https://kr.indeed.com/viewjob?jk=dcc2877b33c5b511,보안 개발전문가,서울 삼성동
540,https://kr.indeed.com/viewjob?jk=989584aa51f96aa1,SW개발(3명),서울 삼성동
541,https://kr.indeed.com/viewjob?jk=23548b2d00a906e2,기간제 근로자,대한민국
542,https://kr.indeed.com/viewjob?jk=67503f27b0365593,인간중심 지능형 시스템 연구실 시간제 연구원,광주 북구
543,https://kr.indeed.com/viewjob?jk=750977c97eeed4d5,랩오투원 신입/경력 개발자,부산
544,https://kr.indeed.com/viewjob?jk=8af16ddc1e1a33b3,DevOps 엔지니어(과장~차장급),성남 판교역
545,https://kr.indeed.com/viewjob?jk=6373005ce9ee17b0,cloud/saas개발,서울
546,https://kr.indeed.com/viewjob?jk=fe69337a085bae5b,Linux 서버 개발자,성남 판교역
547,https://kr.indeed.com/viewjob?jk=2900b41c0b091e46,머신러닝 개발자,서울
548,https://kr.indeed.com/viewjob?jk=806b07d4b07e4c47,SW Architect,서울 신논현역
549,https://kr.indeed.com/viewjob?jk=3d99c00c986d2c57,[Clova] Clova 서비스 서버 개발 경력사원,대한민국
550,https://kr.indeed.com/viewjob?jk=649ccf047c868778,"금융 데이터 분석 엔진, 로보어드바이저 개발자",서울 영등포구
551,https://kr.indeed.com/viewjob?jk=43bf0c7e2b10e9b5,Operations Manager (운영팀장) - 한국,서울
552,https://kr.indeed.com/viewjob?jk=d67619b2f9558d16,빅데이터 플랫폼 운영 (HBase엔지니어),성남 서현역
553,https://kr.indeed.com/viewjob?jk=c6e0b428a62c7eaa,경험최적화파트 - 데이터 사이언티스트/분석가,성남 분당구
554,https://kr.indeed.com/viewjob?jk=c1037225077ca4da,데이터 분석가 (Business Intelligence Analyst),서울 강남구
551,https://kr.indeed.com/viewjob?jk=c6bf8184940d37c3,Android Developer,서울
552,https://kr.indeed.com/viewjob?jk=297e6568c740f98e,iOS Developer,서울
553,https://kr.indeed.com/viewjob?jk=d11342cfe074df78,Frontend Developer (Javascript/React),서울
554,https://kr.indeed.com/viewjob?jk=77d8e0149dad533b,블록체인인터넷경제 연구센터 위촉연구원,광주 북구
555,https://kr.indeed.com/viewjob?jk=caccb1d9be6bc918,운영(Business Operation Management) 경력자,서울 성동구
556,https://kr.indeed.com/viewjob?jk=6ae76a6437a8a2b6,Solution Architecture: Starts-Up/Gaming,서울
557,https://kr.indeed.com/viewjob?jk=8d8caa9ce2b86d80,데이터 분석/엔지니어 모집,성남 삼평동
558,https://kr.indeed.com/viewjob?jk=f10477b81840d778,데이터 분석가 / Business Analyst,서울
559,https://kr.indeed.com/viewjob?jk=bc4a0e62c7c3d510,테크니컬 아키텍트,서울
560,https://kr.indeed.com/viewjob?jk=a758b91ea2f0dd2b,SW개발 매니저,서울 삼성동
561,https://kr.indeed.com/viewjob?jk=882ce3f45214f1b1,Junior and/or Senior Engineers for MySQL...,서울
562,https://kr.indeed.com/viewjob?jk=8ae7c240ef7d5f0b,카카오 분석 플랫폼 경력 개발자,성남 판교역
563,https://kr.indeed.com/viewjob?jk=1748baa27965fdbf,"MVP 개발 엔지니어(서버, 웹프론트) (정규직, 계약직, 프리랜서)",대전 중구
564,https://kr.indeed.com/viewjob?jk=e1e8ad007f553ed2,2019년 기상청 국가태풍센터 공무직 근로자 (연장),대한민국
565,https://kr.indeed.com/viewjob?jk=b5f011215f2f118e,2019년 기상청 국가태풍센터 공무직 근로자,대한민국
566,https://kr.indeed.com/viewjob?jk=d9f1c1b5579f37c4,빌링서버 개발자,서울
567,https://kr.indeed.com/viewjob?jk=a17c4dc1964c2add,이브이패스 데이터분석팀 직원,제주 제주시
568,https://kr.indeed.com/viewjob?jk=6561c937add50cc4,SW 개발,서울 신논현역
569,https://kr.indeed.com/viewjob?jk=a6df161cf8e96140,게임 딥러닝 AI 개발,성남 분당구
570,https://kr.indeed.com/viewjob?jk=d8acf67d97b07247,기상청(국가태풍센터) 공무직 근로자 (연장),대한민국
571,https://kr.indeed.com/viewjob?jk=074bbbc1b7c4d596,저축은행 디지털마케팅본부 데이터분석 경력자,서울 구로구
572,https://kr.indeed.com/viewjob?jk=3da2537c07ea7706,Platform server 개발자,성남 분당구
573,https://kr.indeed.com/viewjob?jk=a72ab5e8773b9ad8,빅데이터 개발(3년이상 경력),서울
574,https://kr.indeed.com/viewjob?jk=35ab7eed75504ccc,기상청 국가태풍센터 공무직 근로자,대한민국
575,https://kr.indeed.com/viewjob?jk=74c4f418a78c820f,데이터 전문가,서울 삼성동
576,https://kr.indeed.com/viewjob?jk=61ecdc0ef3cfb66a,[경력] 빅데이터 플랫폼 엔지니어,성남 판교역
577,https://kr.indeed.com/viewjob?jk=42854af9a9301b2e,2016년도 상반기 국립기상과학원 기간제근로자(소프트웨어기사),대한민국
578,https://kr.indeed.com/viewjob?jk=05439002712f8135,차세대 광-무선 가입자망 연구센터 연구전담교수,광주 북구
579,https://kr.indeed.com/viewjob?jk=a2089ff8a19a429f,Fullstack SW개발자,성남 판교역
580,https://kr.indeed.com/viewjob?jk=37127548f83bb7f7,[Search & Clova] 네이버 웹검색 연구/개발 경력사원,대한민국
581,https://kr.indeed.com/viewjob?jk=a65baa1929f29393,데이터 플랫폼 개발,성남 판교역
582,https://kr.indeed.com/viewjob?jk=fd67d04ed1642339,네이버 UGC 데이터 분석/운영 개발자,대한민국
583,https://kr.indeed.com/viewjob?jk=c499b3dde5c2e196,데이터인프라개발팀 - 데이터 엔지니어,성남 분당구
584,https://kr.indeed.com/viewjob?jk=9fb50d6eec9e7045,인간중심 지능형 시스템 연구실 위촉연구원,광주 북구
585,https://kr.indeed.com/viewjob?jk=e8397e3a19e81529,2018년도 기후변화감시과 공무직 근로자(연구보조원) 장애인 특별,대한민국
586,https://kr.indeed.com/viewjob?jk=04f3458db4cc1f14,데이터 엔지니어,대한민국
587,https://kr.indeed.com/viewjob?jk=b964a03867237f11,백엔드 개발자 경력 (대전),대전 유성구
588,https://kr.indeed.com/viewjob?jk=d57b19564ea05138,데이터인프라개발팀 - 데이터 플랫폼 엔지니어,성남 분당구
589,https://kr.indeed.com/viewjob?jk=51dcabafcf7a0bb0,저축은행 디지털뱅킹팀 데이터분석,서울 구로구
590,https://kr.indeed.com/viewjob?jk=8c4e16d1785c009f,"웹/모바일 기반 벡엔드/프론트엔드 개발_대리, 과장급_대기업",대한민국
591,https://kr.indeed.com/viewjob?jk=516545e5882be38c,시스템 엔지니어,서울 삼성동
592,https://kr.indeed.com/viewjob?jk=1b0be42764835ab3,Senior Consultant / Applications Enginee...,대전
593,https://kr.indeed.com/viewjob?jk=4801b7535e8bc40d,서버 개발(사원~과장급),서울 가산디지털단지역
594,https://kr.indeed.com/viewjob?jk=53ced11b1e0addce,저축은행 디지털뱅킹팀 데이터분석 경력,서울 구로구
595,https://kr.indeed.com/viewjob?jk=85b7c214e0cdfc5f,SW개발 부문 경력인력,대전 서구
596,https://kr.indeed.com/viewjob?jk=d425b24146af3fa1,지구·환경공학부 환경시스템공학 연구실 위촉연구원,광주 북구
597,https://kr.indeed.com/viewjob?jk=a7b63456fe29200d,서버개발 엔지니어(사원~대리),서울 가산디지털단지역
598,https://kr.indeed.com/viewjob?jk=2936adf2a7318db5,웹개발자,서울 잠실역
599,https://kr.indeed.com/viewjob?jk=5085c1b0a277bf9a,2014년도 국립기상연구소 상반기 연구원(기간제근로자),대한민국
600,https://kr.indeed.com/viewjob?jk=3d941e4b961230cd,2018년도 국가기상위성센터 공무직근로자(연구원),대한민국
601,https://kr.indeed.com/viewjob?jk=b245cdab72782813,커머스 플랫폼 개발 (데이터 엔지니어),성남 서현역
602,https://kr.indeed.com/viewjob?jk=fe5510b9dff5b159,2018년도 국가기상위성센터 공무직근로자(연구원) (전문연구요원 포함),대한민국
603,https://kr.indeed.com/viewjob?jk=2d4bf1cdf35d10ee,"2019년도 제1회 국가기상위성센터 공무직근로자(연구원, 전문연구요원)...",대한민국
604,https://kr.indeed.com/viewjob?jk=c1037225077ca4da,데이터 분석가 (Business Intelligence Analyst),서울 강남구
601,https://kr.indeed.com/viewjob?jk=c6bf8184940d37c3,Android Developer,서울
602,https://kr.indeed.com/viewjob?jk=6561c937add50cc4,SW 개발,서울 신논현역
603,https://kr.indeed.com/viewjob?jk=bfb3ee6d45d67013,저축은행 디지털금융본부 Data Science 팀 CSS운영 경력자,서울 구로구
604,https://kr.indeed.com/viewjob?jk=c58a6764306089e9,대기업 검색엔진 개발 (대리과장급),서울
605,https://kr.indeed.com/viewjob?jk=a72ab5e8773b9ad8,빅데이터 개발(3년이상 경력),서울
606,https://kr.indeed.com/viewjob?jk=2d6e7d69a6ba52d6,전산팀 개발 담당,서울 역삼동
607,https://kr.indeed.com/viewjob?jk=806b07d4b07e4c47,SW Architect,서울 신논현역
608,https://kr.indeed.com/viewjob?jk=493a39e613f9971a,영상보안 Application 개발 및 수행,서울 중구
609,https://kr.indeed.com/viewjob?jk=989584aa51f96aa1,SW개발(3명),서울 삼성동
610,https://kr.indeed.com/viewjob?jk=8af16ddc1e1a33b3,DevOps 엔지니어(과장~차장급),성남 판교역
611,https://kr.indeed.com/viewjob?jk=bbf36187bf5002f0,서비스 개발 및 관리,서울
612,https://kr.indeed.com/viewjob?jk=509e7ab10e54f962,디지털마케팅본부 수신상품 기획 및 전략수립 경력자,서울
613,https://kr.indeed.com/viewjob?jk=6373005ce9ee17b0,cloud/saas개발,서울
614,https://kr.indeed.com/viewjob?jk=a979e53aa387868c,보안개발자(ASAP),서울 삼성동
615,https://kr.indeed.com/viewjob?jk=a758b91ea2f0dd2b,SW개발 매니저,서울 삼성동
616,https://kr.indeed.com/viewjob?jk=caccb1d9be6bc918,운영(Business Operation Management) 경력자,서울 성동구
617,https://kr.indeed.com/viewjob?jk=e58c6fe6fd87f03e,Operations Associate (운영팀원) - 한국,서울
618,https://kr.indeed.com/viewjob?jk=074bbbc1b7c4d596,저축은행 디지털마케팅본부 데이터분석 경력자,서울 구로구
619,https://kr.indeed.com/viewjob?jk=4e0b7f602fa05487,DevOps Developer(Cloud),서울 논현동
620,https://kr.indeed.com/viewjob?jk=5620b1845a6fad85,Microsoft 기술지원(Azure),서울 논현동
621,https://kr.indeed.com/viewjob?jk=43bf0c7e2b10e9b5,Operations Manager (운영팀장) - 한국,서울
622,https://kr.indeed.com/viewjob?jk=297e6568c740f98e,iOS Developer,서울
623,https://kr.indeed.com/viewjob?jk=d11342cfe074df78,Frontend Developer (Javascript/React),서울
624,https://kr.indeed.com/viewjob?jk=c1037225077ca4da,데이터 분석가 (Business Intelligence Analyst),서울 강남구
